person_id,room_id,booking_date,return_date
76,Room_4,2024-03-05 11:49:15,2024-09-19 23:14:51
40,Room_14,2024-10-22 13:55:50,2024-10-25 19:55:32
7,Room_17,2024-08-08 04:02:52,2024-11-13 20:14:31
78,Room_17,2024-07-31 15:48:33,2024-11-13 13:48:11
91,Room_8,2024-08-07 08:40:38,2024-10-04 00:55:56
85,Room_3,2024-07-21 10:26:20,2024-10-05 09:11:51
92,Room_6,2024-08-19 11:30:41,2024-09-12 03:28:16
24,Room_10,2024-06-25 22:24:30,2024-07-12 22:15:10
9,Room_13,2024-06-02 00:14:35,2024-10-27 21:38:35
10,Room_16,2024-11-24 02:48:07,2024-11-24 05:50:47
81,Room_15,2024-02-11 18:31:55,2024-07-19 09:03:14
56,Room_3,2024-04-05 12:31:12,2024-11-01 22:01:58
30,Room_15,2024-11-05 21:19:17,2024-11-22 04:01:11
89,Room_3,2024-02-17 19:10:39,2024-04-06 01:38:03
34,Room_4,2024-01-01 22:35:24,2024-10-04 13:21:52
84,Room_14,2024-08-05 01:33:11,2024-08-30 06:00:20
48,Room_1,2024-01-23 16:19:49,2024-11-01 15:55:13
61,Room_7,2024-07-23 01:00:49,2024-10-19 08:26:19
35,Room_7,2024-08-18 05:30:20,2024-09-03 22:43:16
20,Room_19,2024-09-04 19:43:18,2024-11-20 14:59:36
41,Room_2,2024-03-17 02:12:49,2024-05-23 16:57:23
43,Room_16,2024-01-27 01:43:10,2024-04-28 04:06:40
48,Room_20,2024-05-29 02:06:13,2024-08-23 04:35:28
77,Room_17,2024-09-15 07:13:05,2024-11-21 16:24:45
43,Room_2,2024-05-17 01:00:07,2024-07-04 03:04:40
8,Room_14,2024-01-16 10:26:21,2024-10-12 21:21:49
68,Room_10,2024-08-24 16:16:05,2024-11-11 00:11:16
72,Room_7,2024-09-19 14:56:22,2024-10-31 16:41:44
89,Room_17,2024-07-10 17:10:27,2024-11-04 07:02:16
47,Room_16,2024-03-09 21:24:44,2024-06-09 00:05:29
